Name,Nationality,Earnings,Year,Sport
Aaron Donald,USA,36,2021,Football
Aaron Donald,USA,41.4,2019,Football
Aaron Rodgers,USA,30.1,2020,Football
Aaron Rodgers,USA,89.3,2019,Football
Aaron Rodgers,USA,19.1,2015,Football
Aaron Rodgers,USA,22,2014,Football
Aaron Rodgers,USA,49,2013,Football
Adam Scott,USA,17.7,2014,Golf
Adam Wainwright,USA,19.8,2015,Baseball
Adrian Gonzalez,USA,21.7,2017,Baseball
Adrian Gonzalez,USA,21.4,2016,Baseball
Adrian Gonzalez,USA,21.5,2015,Baseball
Adrian Gonzalez,USA,21.5,2014,Baseball
Adrian Gonzalez,USA,21.2,2013,Baseball
Adrian Peterson,USA,21.5,2012,Football
AJ Burnett,USA,16.6,2013,Baseball
AJ Green,USA,33.3,2016,Football
Al Horford,Dominican Republic,24.4,2020,Basketball
Al Horford,Dominican Republic,32,2019,Basketball
Al Horford,Dominican Republic,29.8,2018,Basketball
Al Horford,Dominican Republic,28.1,2017,Basketball
Al Unser Jr,USA,4.8,1994,Racing
Alain Prost,France,16,1993,Racing
Alain Prost,France,11,1991,Racing
Alain Prost,France,9,1990,Racing
Albert Belle,USA,10.3,1998,Baseball
Albert Belle,USA,10.4,1997,Baseball
Albert Haynesworth,USA,27.3,2010,Football
Albert Pujols,USA,28,2019,Baseball
Albert Pujols,USA,30.3,2018,Baseball
Albert Pujols,USA,27.3,2017,Baseball
Albert Pujols,USA,26.3,2016,Baseball
Albert Pujols,USA,25.9,2015,Baseball
Albert Pujols,USA,20.3,2014,Baseball
Albert Pujols,USA,17.4,2012,Baseball
Alex Rodriguez,USA,21.1,2016,Baseball
Alex Rodriguez,USA,22.9,2014,Baseball
Alex Rodriguez,USA,30.3,2013,Baseball
Alex Rodriguez,USA,33,2012,Baseball
Alex Rodriguez,USA,35,2011,Baseball
Alex Rodriguez,USA,35.9,2010,Baseball
Alex Rodriguez,USA,34,2008,Baseball
Alex Rodriguez,USA,29.2,2007,Baseball
Alex Rodriguez,USA,29,2006,Baseball
Alex Rodriguez,USA,27.5,2005,Baseball
Alex Rodriguez,USA,26.2,2004,Baseball
Alex Rodriguez,USA,26,2003,Baseball
Alex Rodriguez,USA,25,2002,Baseball
Alex Smith,New Zealand,41.4,2018,Football
Alex Smith,New Zealand,19.6,2015,Football
Alexis Sanchez,Chile,25.6,2020,Soccer
Alexis Sanchez,Chile,30.8,2019,Soccer
Alfonso Soriano,Dominican Republic,18.1,2014,Baseball
Alfonso Soriano,Dominican Republic,18.1,2013,Baseball
Alfonso Soriano,Dominican Republic,18.3,2012,Baseball
Allen Iverson,USA,23.3,2007,Basketball
Allen Iverson,USA,19.7,2004,Basketball
Allen Iverson,USA,19,2003,Basketball
Alonzo Mourning,USA,21,2003,Basketball
Alonzo Mourning,USA,18,2002,Basketball
Alonzo Mourning,USA,17,2000,Basketball
Alonzo Mourning,USA,12.1,1998,Basketball
Alonzo Mourning,USA,13,1997,Basketball
Amare Stoudamire,USA,27,2013,Basketball
Amare Stoudemire,USA,25,2015,Basketball
Amare Stoudemire,USA,26.7,2014,Basketball
Amare Stoudemire,USA,22.7,2012,Basketball
Amare Stoudemire,USA,24.5,2011,Basketball
Amare Stoudemire,USA,21.9,2010,Basketball
Amari Cooper,USA,24.9,2020,Football
Ana Ivanovic,Serbia,10,2009,Tennis
Andre Agassi,USA,26.2,2005,Tennis
Andre Agassi,USA,28.2,2004,Tennis
Andre Agassi,USA,24,2003,Tennis
Andre Agassi,USA,18.5,2002,Tennis
Andre Agassi,USA,17.5,2000,Tennis
Andre Agassi,USA,20,1999,Tennis
Andre Agassi,USA,15.8,1998,Tennis
Andre Agassi,USA,14.1,1997,Tennis
Andre Agassi,USA,15.2,1996,Tennis
Andre Agassi,USA,16,1995,Tennis
Andre Agassi,USA,11.4,1994,Tennis
Andre Agassi,USA,8.4,1993,Tennis
Andre Agassi,USA,11,1992,Tennis
Andre Agassi,USA,7.3,1991,Tennis
Andre Agassi,USA,5.5,1990,Tennis
Andre Drummond,USA,22.6,2020,Basketball
Andre Drummond,USA,26.4,2019,Basketball
Andre Drummond,USA,24.9,2018,Basketball
Andre Drummond,USA,23.1,2017,Basketball
Andre Miller,USA,15,2004,Basketball
Andres Iniesta,Spain,34,2021,Soccer
Andres Iniesta,Spain,29.6,2020,Soccer
Andres Iniesta,Spain,32.5,2019,Soccer
Andrew Bynum,USA,16.7,2013,Basketball
Andrew Luck,USA,26.9,2019,Football
Andrew Luck,USA,50,2017,Football
Andrew Wiggins,Canada,26.1,2019,Basketball
Andrus Peat,USA,22.7,2020,Football
Andy Dalton,USA,23.3,2015,Football
Andy Murray,UK,28.8,2017,Tennis
Andy Murray,UK,23,2016,Tennis
Andy Murray,UK,22.3,2015,Tennis
Anfernee Hardaway,USA,15.1,2004,Basketball
Angel Di Maria,Argentina,22.1,2016,Soccer
Anna Kournikova,Russia,9,2003,Tennis
Anna Kournikova,Russia,10,2002,Tennis
Anna Kournikova,Russia,10,2000,Tennis
Anna Kournikova,Russia,11,1999,Tennis
Annika Sorenstam,Sweden,11,2008,Golf
Annika Sorenstam,Sweden,8,2006,Golf
Annika Sorenstam,Sweden,7.3,2005,Golf
Annika Sorenstam,Sweden,5.5,2003,Golf
Anthony Castonzo,USA,22.5,2016,Football
Anthony Davis,USA,36,2021,Basketball
Anthony Davis,USA,30.4,2020,Basketball
Anthony Davis,USA,34.6,2019,Basketball
Anthony Davis,USA,34.9,2018,Basketball
Anthony Davis,USA,28.1,2017,Basketball
Anthony Joshua,UK,47,2020,Boxing
Anthony Joshua,UK,55,2019,Boxing
Anthony Joshua,UK,39,2018,Boxing
Anthony Joshua,UK,22,2017,Boxing
Antoine Griezmann,France,26.7,2020,Soccer
Antoine Griezmann,France,27.7,2019,Soccer
Antonio Brown,USA,31.9,2017,Football
Arik Armstead,USA,26.8,2020,Football
Arnold Palmer,USA,25,2007,Golf
Arnold Palmer,USA,20,2004,Golf
Arnold Palmer,USA,18.5,2003,Golf
Arnold Palmer,USA,17,2002,Golf
Arnold Palmer,USA,18,2000,Golf
Arnold Palmer,USA,19,1999,Golf
Arnold Palmer,USA,18.1,1998,Golf
Arnold Palmer,USA,16.1,1997,Golf
Arnold Palmer,USA,15.1,1996,Golf
Arnold Palmer,USA,14.1,1995,Golf
Arnold Palmer,USA,13.6,1994,Golf
Arnold Palmer,USA,11.1,1993,Golf
Arnold Palmer,USA,11.1,1992,Golf
Arnold Palmer,USA,9.3,1991,Golf
Arnold Palmer,USA,8.1,1990,Golf
Ayrton Senna,Brazil,18.5,1993,Racing
Ayrton Senna,Brazil,22,1992,Racing
Ayrton Senna,Brazil,13,1991,Racing
Ayrton Senna,Brazil,10,1990,Racing
Barry Bonds,USA,22.7,2004,Baseball
Barry Bonds,USA,20,2003,Baseball
Barry Bonds,USA,8.3,1996,Baseball
Barry Bonds,USA,7.5,1995,Baseball
Barry Bonds,USA,7.2,1993,Baseball
Barry Bonds,USA,4.8,1992,Baseball
Barry Sanders,USA,10.2,1997,Football
Barry Zito,USA,20.4,2014,Baseball
Barry Zito,USA,19.9,2013,Baseball
Barry Zito,USA,18.9,2012,Baseball
Barry Zito,USA,19.2,2011,Baseball
Bastian Schweinsteiger,Germany,22.4,2016,Soccer
Ben Roethlisberger,USA,23,2020,Football
Ben Roethlisberger,USA,55.5,2019,Football
Ben Roethlisberger,USA,48.9,2015,Football
Ben Roethlisberger,USA,23.3,2012,Football
Billy Horschel,USA,19,2015,Golf
Blake Griffin,USA,31.9,2020,Basketball
Blake Griffin,USA,39.1,2019,Basketball
Blake Griffin,USA,35.5,2018,Basketball
Blake Griffin,USA,28.1,2017,Basketball
Blake Griffin,USA,26.1,2016,Basketball
Blake Griffin,USA,24.7,2015,Basketball
Blake Griffin,USA,23,2014,Basketball
Bo Jackson,USA,4.5,1991,Baseball
Bo Jackson,USA,4.5,1990,Baseball
Bobby Bonilla,USA,6.6,1993,Baseball
Bobby Bonilla,USA,6.3,1992,Baseball
Bobby Wagner,USA,25,2020,Football
Boris Becker,German,7.8,1995,Tennis
Boris Becker,German,7,1994,Tennis
Boris Becker,German,6.8,1993,Tennis
Boris Becker,German,7.2,1991,Tennis
Boris Becker,German,7.2,1990,Tennis
Bradley Beal,USA,22.3,2020,Basketball
Bradley Beal,USA,27.1,2019,Basketball
Bradley Beal,USA,24.9,2018,Basketball
Bradley Beal,USA,23.3,2017,Basketball
Branden Albert,USA,18.4,2014,Football
Brandin Cooks,USA,38,2019,Football
Brandon Marshall,USA,17.5,2014,Football
Brandon Roy,USA,16.6,2013,Basketball
Brandt Snedeker,USA,19,2013,Golf
Brett Favre,USA,13.1,1998,Football
Brett Favre,USA,9.2,1997,Football
Brian Urlacher,USA,16.4,2004,Football
Brook Lopez,USA,23.1,2018,Basketball
Brook Lopez,USA,21.7,2017,Basketball
Bryce Harper,USA,44.5,2019,Baseball
Buster Douglas,USA,26,1990,Boxing
Buster Posey,USA,25,2018,Baseball
Buster Posey,USA,24.6,2017,Baseball
Buster Posey,USA,20.8,2016,Baseball
Cal Ripken Jr,USA,14.1,1998,Baseball
Cal Ripken Jr,USA,13.2,1997,Baseball
Cal Ripken Jr,USA,12,1996,Baseball
Cal Ripken Jr,USA,10.3,1995,Baseball
Cal Ripken Jr,USA,7,1993,Baseball
Calais Campbell,USA,22.1,2020,Football
Calvin Johnson,USA,26.3,2013,Football
Cam Newton,USA,22.2,2020,Football
Cam Newton,USA,26,2017,Football
Cam Newton,USA,53.1,2016,Football
Cameron Heyward,USA,21.2,2016,Football
Cameron Jordan,USA,25.9,2016,Football
Canelo Alvarez,Mexico,34,2021,Boxing
Canelo Alvarez,Mexico,37,2020,Boxing
Canelo Alvarez,Mexico,94,2019,Boxing
Canelo Alvarez,Mexico,44.5,2018,Boxing
Canelo Alvarez,Mexico,28.5,2017,Boxing
Canelo Alvarez,Mexico,21.5,2016,Boxing
Canelo Alvarez,Mexico,21,2014,Boxing
Carl Crawford,USA,20.9,2016,Baseball
Carl Crawford,USA,20.7,2015,Baseball
Carl Crawford,USA,20.5,2014,Baseball
Carl Crawford,USA,20,2013,Baseball
Carl Crawford,USA,16.9,2012,Baseball
Carl Nicks,USA,18.3,2013,Football
Carlos Delgado,USA,18,2004,Baseball
Carlos Dunlap,USA,18.8,2014,Football
Carlos Lee,USA,18.6,2012,Baseball
Carlos Tevez,Argentina,18.2,2013,Soccer
Carlos Zambrano,Peru,17.4,2012,Baseball
Carmelo Anthony,USA,34,2019,Basketball
Carmelo Anthony,USA,33.2,2018,Basketball
Carmelo Anthony,USA,32.6,2017,Basketball
Carmelo Anthony,USA,30.9,2016,Basketball
Carmelo Anthony,USA,30.5,2015,Basketball
Carmelo Anthony,USA,29.4,2014,Basketball
Carmelo Anthony,USA,28,2013,Basketball
Carmelo Anthony,USA,22.9,2012,Basketball
Carmelo Anthony,USA,25.1,2011,Basketball
Carmelo Anthony,USA,23.8,2010,Basketball
Carson Palmer,USA,29,2015,Football
Carson Palmer,USA,28,2006,Football
Carson Palmer,USA,16.3,2004,Football
Carson Wentz,USA,59.1,2020,Football
CC Sabathia,USA,25.6,2017,Baseball
CC Sabathia,USA,24.4,2016,Baseball
CC Sabathia,USA,23.9,2015,Baseball
CC Sabathia,USA,24.2,2014,Baseball
CC Sabathia,USA,23.6,2013,Baseball
CC Sabathia,USA,23.8,2012,Baseball
CC Sabathia,USA,23.6,2011,Baseball
CC Sabathia,USA,21.4,2010,Baseball
Cecil Fielder,USA,7.6,1996,Baseball
Cecil Fielder,USA,6.7,1995,Baseball
Cecil Fielder,USA,12.7,1993,Baseball
Cecil Fielder,USA,4.6,1992,Baseball
Cesc Fabregas,Spain,20.3,2015,Soccer
Champ Bailey,USA,19.6,2004,Football
Chandler Jones,USA,22.9,2017,Football
Chandler Parsons,USA,24.1,2018,Basketball
Chandler Parsons,USA,22.9,2017,Basketball
Charles Barkley,USA,8,1996,Basketball
Charles Barkley,USA,7.1,1995,Basketball
Charles Barkley,USA,9.3,1994,Basketball
Charles Barkley,USA,6.5,1993,Basketball
Charles Johnson,USA,34.4,2012,Football
Charles Rogers,USA,15.4,2004,Football
Chris Bosh,USA,26.3,2018,Basketball
Chris Bosh,USA,26.3,2017,Basketball
Chris Bosh,USA,25.2,2016,Basketball
Chris Bosh,USA,23.8,2015,Basketball
Chris Bosh,USA,21.8,2014,Basketball
Chris Bosh,USA,19.8,2013,Basketball
Chris Gratton,Canada,10.1,1997,Hockey
Chris Jones,USA,37,2021,Football
Chris Paul,USA,40,2021,Basketball
Chris Paul,USA,35,2020,Basketball
Chris Paul,USA,43.8,2019,Basketball
Chris Paul,USA,31.9,2018,Basketball
Chris Paul,USA,30.9,2017,Basketball
Chris Paul,USA,30,2016,Basketball
Chris Paul,USA,26.1,2015,Basketball
Chris Paul,USA,24.2,2014,Basketball
Chris Paul,USA,21.8,2013,Basketball
Chris Paul,USA,19.2,2012,Basketball
Chris Paul,USA,20.9,2011,Basketball
Christian McCaffrey,USA,26.5,2020,Football
CJ McCollum,USA,23.8,2020,Basketball
CJ McCollum,USA,28.8,2019,Basketball
CJ McCollum,USA,25.8,2018,Basketball
CJ Mosley,USA,26.9,2019,Football
Clay Matthews,USA,21.8,2013,Football
Clayton Kershaw,USA,27.3,2020,Baseball
Clayton Kershaw,USA,30.7,2019,Baseball
Clayton Kershaw,USA,34.5,2018,Baseball
Clayton Kershaw,USA,33.3,2017,Baseball
Clayton Kershaw,USA,32,2016,Baseball
Clayton Kershaw,USA,26.9,2015,Baseball
Cliff Lee,USA,29.3,2016,Baseball
Cliff Lee,USA,25.2,2015,Baseball
Cliff Lee,USA,25.3,2014,Baseball
Cliff Lee,USA,22.9,2013,Baseball
Clyde Drexler,USA,9.2,1996,Basketball
Cole Hamels,USA,22.7,2017,Baseball
Cole Hamels,USA,22.7,2016,Baseball
Cole Hamels,USA,22.7,2015,Baseball
Cole Hamels,USA,20.7,2014,Baseball
Cole Hamels,USA,22.7,2013,Baseball
Conor McGregor,Ireland,180,2021,Mixed Martial Arts
Conor McGregor,Ireland,48,2020,Mixed Martial Arts
Conor McGregor,Ireland,47,2019,Mixed Martial Arts
Conor McGregor,Ireland,99,2018,Mixed Martial Arts
Conor McGregor,Ireland,34,2017,MMA
Conor McGregor,Ireland,22,2016,MMA
Cristiano Ronaldo,Portugal,120,2021,Soccer
Cristiano Ronaldo,Portugal,105,2020,Soccer
Cristiano Ronaldo,Portugal,109,2019,Soccer
Cristiano Ronaldo,Portugal,108,2018,Soccer
Cristiano Ronaldo,Portugal,93,2017,Soccer
Cristiano Ronaldo,Portugal,88,2016,Soccer
Cristiano Ronaldo,Portugal,79.6,2015,Soccer
Cristiano Ronaldo,Portugal,80,2014,Soccer
Cristiano Ronaldo,Portugal,44,2013,Soccer
Cristiano Ronaldo,Portugal,42.5,2012,Soccer
Cristiano Ronaldo,Portugal,38,2011,Soccer
Cristiano Ronaldo,Portugal,35.8,2010,Soccer
Curtis Strange,USA,4,1991,Golf
Curtis Strange,USA,3.8,1990,Golf
Dak Prescott,USA,107.5,2021,Football
Dale Earnhardt,USA,24.5,2000,Racing
Dale Earnhardt,USA,26.5,1999,Racing
Dale Earnhardt,USA,24.1,1998,Racing
Dale Earnhardt,USA,19.1,1997,Racing
Dale Earnhardt,USA,10.5,1996,Racing
Dale Earnhardt,USA,8.4,1995,Racing
Dale Earnhardt,USA,5.5,1994,Racing
Dale Earnhardt Jr,USA,21.4,2017,Racing
Dale Earnhardt Jr,USA,23.5,2016,Racing
Dale Earnhardt Jr,USA,23.6,2015,Racing
Dale Earnhardt Jr,USA,25.9,2014,Racing
Dale Earnhardt Jr,USA,26,2013,Racing
Dale Earnhardt Jr,USA,28.2,2012,Racing
Dale Earnhardt Jr,USA,28.5,2011,Racing
Dale Earnhardt Jr,USA,30,2010,Racing
Dale Earnhardt Jr,USA,31,2008,Racing
Dale Earnhardt Jr,USA,20.1,2004,Racing
Damian Lillard,USA,40.5,2021,Basketball
Damian Lillard,USA,37,2020,Basketball
Damian Lillard,USA,41.1,2019,Basketball
Damian Lillard,USA,39.2,2018,Basketball
Damian Lillard,USA,38.4,2017,Basketball
Damon Hill,UK,8.2,1996,Racing
Dan Marino,USA,11.7,1996,Football
Dan Marino,USA,6.2,1995,Football
Dan Marino,USA,6,1992,Football
Dan Wilkinson,USA,6.1,1994,Football
D'Angelo Russell,USA,26.5,2020,Basketball
Danica Patrick,USA,7,2009,Racing
Daniel Ricciardo,Australia,29,2020,Racing
Danny Tartabull,USA,5.5,1992,Baseball
Dante Fowler,USA,24.2,2020,Football
Darius Slay,USA,26.1,2020,Football
Darnell Dockett,USA,18,2012,Football
Darrelle Revis,USA,23.8,2014,Football
Darrelle Revis,USA,28.3,2012,Football
Darryl Strawberry,USA,4.3,1991,Baseball
Davante Adams,USA,24.5,2018,Football
David Bakhtiari,USA,48.5,2021,Football
David Beckham,UK,47.2,2013,Soccer
David Beckham,UK,46,2012,Soccer
David Beckham,UK,40,2011,Soccer
David Beckham,UK,43.7,2010,Soccer
David Beckham,UK,42,2009,Soccer
David Beckham,UK,50,2008,Soccer
David Beckham,UK,33,2007,Soccer
David Beckham,UK,27,2006,Soccer
David Beckham,UK,32.5,2005,Soccer
David Beckham,UK,28,2004,Soccer
David Beckham,UK,19,2003,Soccer
David De Gea,Spain,25.7,2020,Soccer
David DeCastro,USA,25.1,2017,Football
David Ortiz,USA,22,2016,Baseball
David Ortiz,USA,19.7,2015,Baseball
David Ortiz,USA,19.8,2014,Baseball
David Price,USA,31.7,2019,Baseball
David Price,USA,30.7,2018,Baseball
David Price,USA,30.6,2017,Baseball
David Price,USA,23.8,2016,Baseball
David Robinson,USA,12.9,1998,Basketball
David Robinson,USA,13.2,1997,Basketball
David Robinson,USA,9.4,1996,Basketball
David Robinson,USA,9.6,1995,Basketball
David Robinson,USA,8.3,1994,Basketball
David Robinson,USA,9.2,1993,Basketball
David Robinson,USA,6.7,1992,Basketball
David Robinson,USA,5.4,1991,Basketball
David Wright,USA,20.8,2015,Baseball
DBrickashaw Ferguson,USA,20.3,2012,Football
DeAndre Hopkins,USA,39,2021,Football
DeAndre Hopkins,USA,25.3,2018,Football
DeAndre Jordan,USA,23.7,2018,Basketball
DeAndre Jordan,USA,22.2,2017,Basketball
DeAngelo Williams,USA,19.9,2012,Football
Deion Sanders,USA,11.5,1998,Football/Baseball
Deion Sanders,USA,22.5,1995,Football/Baseball
Deion Sanders,USA,4.9,1994,Football/Baseball
DeMar DeRozan,USA,24.8,2020,Basketball
DeMar DeRozan,USA,32.8,2019,Basketball
Demar DeRozan,USA,33,2018,Basketball
DeMar DeRozan,USA,31.6,2017,Basketball
DeMarcus Lawrence,USA,46.9,2019,Football
DeMarcus Ware,USA,26.7,2010,Football
Demaryius Thomas,USA,23.4,2016,Football
Dennis Rodman,USA,15.3,1998,Basketball
Dennis Rodman,USA,11,1997,Basketball
Dennis Rodman,USA,12.9,1996,Basketball
Deontay Wilder,USA,46.5,2020,Boxing
Deontay Wilder,USA,30.5,2019,Boxing
Derek Carr,USA,22,2020,Football
Derek Carr,USA,42.1,2018,Football
Derek Jeter,USA,24.3,2014,Baseball
Derek Jeter,USA,25.4,2013,Baseball
Derek Jeter,USA,24.5,2012,Baseball
Derek Jeter,USA,29,2011,Baseball
Derek Jeter,USA,29.7,2010,Baseball
Derek Jeter,USA,30,2009,Baseball
Derek Jeter,USA,28.3,2007,Baseball
Derek Jeter,USA,27,2006,Baseball
Derek Jeter,USA,25.5,2005,Baseball
Derek Jeter,USA,23.2,2004,Baseball
Derek Jeter,USA,21,2003,Baseball
Derek Jeter,USA,18.5,2002,Baseball
Deron Williams,USA,21.3,2015,Basketball
Deron Williams,USA,20,2014,Basketball
Deron Williams,USA,19.2,2013,Basketball
Deron Williams,USA,18.2,2012,Basketball
Derrick Rose,USA,34.3,2017,Basketball
Derrick Rose,USA,34.1,2016,Basketball
Derrick Rose,USA,33.9,2015,Basketball
Derrick Rose,USA,36.6,2014,Basketball
Derrick Rose,USA,37.4,2013,Basketball
Deshaun Watson,USA,35.5,2021,Football
Devin Booker,USA,26.6,2020,Basketball
Devin McCourty,USA,19.3,2015,Football
Dez Bryant,USA,23.5,2016,Football
Didier Drogba,Ivory Coast,20.8,2013,Soccer
Diego Maradona,Argentina,5,1990,Soccer
Dirk Nowitzki,German,26,2017,Basketball
Dirk Nowitzki,German,23.2,2014,Basketball
Dirk Nowitzki,German,21.4,2013,Basketball
Dirk Nowitzki,German,19.3,2011,Basketball
Dirk Nowitzki,German,21.8,2010,Basketball
DJ Reader,USA,22.4,2020,Football
Don Mattingly,USA,4.8,1990,Baseball
Doug Drabek,USA,4.8,1992,Baseball
Drew Bledsoe,USA,13.9,1995,Football
Drew Bledsoe,USA,6.1,1993,Football
Drew Brees,USA,44.8,2020,Football
Drew Brees,USA,42.4,2019,Football
Drew Brees,USA,42.9,2018,Football
Drew Brees,USA,45.3,2017,Football
Drew Brees,USA,31,2016,Football
Drew Brees,USA,22,2015,Football
Drew Brees,USA,21,2014,Football
Drew Brees,USA,51,2013,Football
Dustin Johnson,USA,44.5,2021,Golf
Dustin Johnson,USA,27.6,2017,Golf
Dwayne Bowe,USA,24.9,2013,Football
Dwight Gooden,USA,6.1,1993,Baseball
Dwight Gooden,USA,5.4,1992,Baseball
Dwight Howard,USA,27.8,2019,Basketball
Dwight Howard,USA,27,2018,Basketball
Dwight Howard,USA,27.2,2017,Basketball
Dwight Howard,USA,26.9,2016,Basketball
Dwight Howard,USA,25.5,2015,Basketball
Dwight Howard,USA,25.5,2014,Basketball
Dwight Howard,USA,26.5,2013,Basketball
Dwight Howard,USA,25.6,2012,Basketball
Dwight Howard,USA,27.6,2011,Basketball
Dwight Howard,USA,24.2,2010,Basketball
Dwyane Wade,USA,31.8,2018,Basketball
Dwyane Wade,USA,36.2,2017,Basketball
Dwyane Wade,USA,32,2016,Basketball
Dwyane Wade,USA,27.2,2015,Basketball
Dwyane Wade,USA,29.9,2014,Basketball
Dwyane Wade,USA,28.9,2013,Basketball
Dwyane Wade,USA,24.7,2012,Basketball
Dwyane Wade,USA,26.2,2011,Basketball
Dwyane Wade,USA,26.8,2010,Basketball
Earl Thomas,USA,29,2019,Football
Eden Hazard,Belgium,22,2016,Soccer
Eden Hazard,Belgium,19.6,2015,Soccer
Edgerrin James,USA,15,1999,Football
Eli Manning,USA,25.5,2018,Football
Eli Manning,USA,25,2017,Football
Eli Manning,USA,45,2016,Football
Eli Manning,USA,23.7,2015,Football
Eli Manning,USA,21,2014,Football
Eli Manning,USA,26.6,2012,Football
Eli Manning,USA,39.9,2010,Football
Emerson Fittipaldi,Brazil,7.5,1994,Racing
Emerson Fittipaldi,Brazil,10,1993,Racing
Emmitt Smith,USA,16.5,1996,Football
Emmitt Smith,USA,7.3,1993,Football
Eric Berry,USA,31.1,2017,Football
Eric Berry,USA,19.6,2012,Football
Ernie Els,South Africa,19.5,2013,Golf
Ernie Els,South Africa,17.4,2012,Golf
Ernie Els,South Africa,19.6,2011,Golf
Ernie Els,South Africa,23,2010,Golf
Ernie Els,South Africa,16.1,2004,Golf
Evander Holyfield,USA,35.5,1999,Boxing
Evander Holyfield,USA,54.3,1997,Boxing
Evander Holyfield,USA,15.5,1996,Boxing
Evander Holyfield,USA,13,1995,Boxing
Evander Holyfield,USA,12,1994,Boxing
Evander Holyfield,USA,10.7,1993,Boxing
Evander Holyfield,USA,28,1992,Boxing
Evander Holyfield,USA,60.5,1991,Boxing
Evander Holyfield,USA,8.1,1990,Boxing
Ezekiel Elliott,USA,23.3,2020,Football
Felix Hernandez,Venezuela,26.6,2019,Baseball
Felix Hernandez,Venezuela,26.7,2018,Baseball
Felix Hernandez,Venezuela,25.8,2017,Baseball
Felix Hernandez,Venezuela,24.9,2016,Baseball
Felix Hernandez,Venezuela,22.9,2015,Baseball
Felix Hernandez,Venezuela,20.3,2014,Baseball
Felix Hernandez,Venezuela,25.3,2013,Baseball
Fernando Alonso,Spain,33,2018,Racing
Fernando Alonso,Spain,36,2017,Racing
Fernando Alonso,Spain,36.5,2016,Racing
Fernando Alonso,Spain,35.5,2015,Racing
Fernando Alonso,Spain,31,2014,Racing
Fernando Alonso,Spain,30,2013,Racing
Fernando Alonso,Spain,32,2012,Racing
Fernando Alonso,Spain,32,2011,Racing
Fernando Alonso,Spain,28,2010,Racing
Fernando Alonso,Spain,33,2008,Racing
Fernando Torres,Spain,21.3,2014,Soccer
Fernando Torres,Spain,20,2013,Soccer
Fernando Torres,Spain,19.6,2012,Soccer
Fletcher Cox,USA,33.4,2017,Football
Floyd Mayweather,USA,285,2018,Boxing
Floyd Mayweather,USA,44,2016,Boxing
Floyd Mayweather,USA,300,2015,Boxing
Floyd Mayweather,USA,105,2014,Boxing
Floyd Mayweather,USA,34,2013,Boxing
Floyd Mayweather,USA,85,2012,Boxing
Floyd Mayweather,USA,65,2010,Boxing
Floyd Mayweather,USA,26.5,2007,Boxing
Franck Ribery,France,18.3,2014,Soccer
Frank Lampard,UK,19.7,2015,Soccer
Frank Thomas,USA,9.3,1997,Baseball
Frank Thomas,USA,8.4,1996,Baseball
Frank Thomas,USA,7.8,1995,Baseball
Frank Viola,USA,5,1992,Baseball
Fred Couples,USA,7,1992,Golf
Gabriela Sabatini,Argentina,4.9,1994,Tennis
Gabriela Sabatini,Argentina,6.5,1993,Tennis
Gabriela Sabatini,Argentina,6.5,1992,Tennis
Gabriela Sabatini,Argentina,6.3,1991,Tennis
Gabriela Sabatini,Argentina,4.5,1990,Tennis
Gareth Bale,Welsh,25.2,2020,Soccer
Gareth Bale,Welsh,27.1,2019,Soccer
Gareth Bale,Welsh,34.6,2018,Soccer
Gareth Bale,Welsh,34,2017,Soccer
Gareth Bale,Welsh,35.9,2016,Soccer
Gareth Bale,Welsh,35,2015,Soccer
Gareth Bale,Welsh,36.4,2014,Soccer
Gary Payton,USA,12.7,1998,Basketball
Gary Payton,USA,11.2,1997,Basketball
Gary Sheffield,USA,17.2,1998,Baseball
Gennady Golovkin,Kazakhstan,25.5,2019,Boxing
Gennady Golovkin,Kazakhstan,25,2018,Boxing
Geno Atkins,USA,29.1,2019,Football
Geno Atkins,USA,22.4,2014,Football
George Foreman,USA,20.1,2000,Boxing
George Foreman,USA,14.7,1997,Boxing
George Foreman,USA,8,1996,Boxing
George Foreman,USA,18,1995,Boxing
George Foreman,USA,8.5,1994,Boxing
George Foreman,USA,15.8,1993,Boxing
George Foreman,USA,7,1992,Boxing
George Foreman,USA,14.5,1991,Boxing
Gerald McCoy,USA,26.7,2015,Football
Gerhard Berger,Austria,7.5,1996,Racing
Gerhard Berger,Austria,13.5,1995,Racing
Gerhard Berger,Austria,13.5,1994,Racing
Gerhard Berger,Austria,7,1993,Racing
Gerhard Berger,Austria,8,1992,Racing
Gerhard Berger,Austria,7,1991,Racing
Gerhard Berger,Austria,4,1990,Racing
Giancarlo Stanton,USA,27.4,2019,Baseball
Giannis Antetokounmpo,Greek,47,2021,Basketball
Giannis Antetokounmpo,Greek,47.6,2020,Basketball
Giannis Antetokounmpo,Greek,43.2,2019,Basketball
Giannis Antetokounmpo,Greek,35.5,2018,Basketball
Gilbert Arenas,USA,21.6,2013,Basketball
Gordon Hayward,USA,27.6,2020,Basketball
Gordon Hayward,USA,34.3,2019,Basketball
Gordon Hayward,USA,30.8,2018,Basketball
Grady Jarrett,USA,33.1,2020,Football
Grant Hill,USA,25.9,2004,Basketball
Grant Hill,USA,25.5,2003,Basketball
Grant Hill,USA,24,2002,Basketball
Grant Hill,USA,26,2000,Basketball
Grant Hill,USA,23,1999,Basketball
Grant Hill,USA,21.6,1998,Basketball
Grant Hill,USA,17,1997,Basketball
Grant Hill,USA,10.8,1996,Basketball
Grant Hill,USA,7.8,1995,Basketball
Grant Wistrom,USA,15.6,2004,Football
Greg LeMond,USA,4.3,1991,Cycling
Greg LeMond,USA,4.2,1990,Cycling
Greg Maddux,USA,11,1997,Baseball
Greg Maddux,USA,7.2,1995,Baseball
Greg Norman,Australia,16.2,2004,Golf
Greg Norman,Australia,15,2000,Golf
Greg Norman,Australia,13.6,1998,Golf
Greg Norman,Australia,16.2,1997,Golf
Greg Norman,Australia,7.9,1996,Golf
Greg Norman,Australia,9.7,1995,Golf
Greg Norman,Australia,8.8,1994,Golf
Greg Norman,Australia,8.4,1993,Golf
Greg Norman,Australia,7.2,1992,Golf
Greg Norman,Australia,7.4,1991,Golf
Greg Norman,Australia,8.5,1990,Golf
Hakeem Olajuwon,USA,11,1998,Basketball
Hakeem Olajuwon,USA,11,1997,Basketball
Hakeem Olajuwon,USA,9.3,1996,Basketball
Hakeem Olajuwon,USA,7.8,1995,Basketball
Hakeem Olajuwon,USA,4.3,1991,Basketball
Haloti Ngata,USA,37.3,2012,Football
Hanley Ramirez,Dominican Republic,22.3,2017,Baseball
Hanley Ramirez,Dominican Republic,20.3,2015,Baseball
Harrison Barnes,USA,26.3,2019,Basketball
Harrison Barnes,USA,24.6,2018,Basketball
Harrison Barnes,USA,23.9,2017,Basketball
Hassan Whiteside,USA,26.2,2019,Basketball
Hassan Whiteside,USA,24.5,2018,Basketball
Hassan Whiteside,USA,22.7,2017,Basketball
Heath Shuler,USA,6.3,1994,Football
Henrik Stenson,Sweden,21.2,2014,Golf
Horace Grant,USA,14.9,1997,Basketball
Ichiro Suzuki,Japan,19.6,2013,Baseball
Ichiro Suzuki,Japan,24,2012,Baseball
Ichiro Suzuki,Japan,26,2011,Baseball
Ichiro Suzuki,Japan,26,2010,Baseball
Ichiro Suzuki,Japan,17.8,2004,Baseball
Ivan Lendl,USA,5,1992,Tennis
Ivan Lendl,USA,4.8,1991,Tennis
Ivan Lendl,USA,5.3,1990,Tennis
Jack Nicklaus,USA,10.8,1998,Golf
Jack Nicklaus,USA,9.3,1997,Golf
Jack Nicklaus,USA,8.2,1996,Golf
Jack Nicklaus,USA,15.1,1995,Golf
Jack Nicklaus,USA,14.8,1994,Golf
Jack Nicklaus,USA,10.2,1993,Golf
Jack Nicklaus,USA,9.2,1992,Golf
Jack Nicklaus,USA,8.5,1991,Golf
Jack Nicklaus,USA,8.6,1990,Golf
Jacoby Ellsbury,USA,21.7,2017,Baseball
Jacoby Ellsbury,USA,21.8,2016,Baseball
Jacoby Ellsbury,USA,21.4,2015,Baseball
Jacques Villeneuve,Canada,23,2003,Racing
Jacques Villeneuve,Canada,20,2002,Racing
Jahri Evans,USA,19.1,2011,Football
Jairus Byrd,USA,18,2014,Football
Jake Arrieta,USA,28.8,2019,Baseball
Jake Delhomme,USA,22.4,2010,Football
Jake Peavy,USA,16.6,2012,Baseball
Jalen Ramsey,USA,43.5,2021,Football
James Harden,USA,51,2021,Basketball
James Harden,USA,47.8,2020,Basketball
James Harden,USA,47.7,2019,Basketball
James Harden,USA,46.4,2018,Basketball
James Harden,USA,46.6,2017,Basketball
James Harden,USA,32.8,2016,Basketball
James Harden,USA,18.8,2015,Basketball
James Rodriguez,Colombia,21.9,2017,Soccer
James Rodriguez,Colombia,22.1,2016,Soccer
James Rodriguez,Colombia,29,2015,Soccer
James Toney,USA,6.2,1994,Boxing
Jared Goff,USA,49,2020,Football
Jarvis Landry,USA,23.2,2018,Football
Jason Day,Australia,23.6,2016,Golf
Jason Giambi,USA,16.6,2004,Baseball
Jason Kidd,USA,15.9,2004,Basketball
Jason Peters,USA,20.7,2014,Football
Jason Pierre-Paul,USA,25.7,2017,Football
Jayson Werth,USA,21.2,2016,Baseball
Jayson Werth,USA,20.6,2015,Baseball
Jayson Werth,USA,17.5,2014,Baseball
JD Martinez,USA,25.6,2019,Baseball
Jean Alesi,France,8,1995,Racing
Jean Alesi,France,8,1994,Racing
Jean Alesi,France,6.5,1991,Racing
Jeff Gordon,USA,18.7,2014,Racing
Jeff Gordon,USA,18.2,2013,Racing
Jeff Gordon,USA,23.6,2012,Racing
Jeff Gordon,USA,24.9,2011,Racing
Jeff Gordon,USA,26.9,2010,Racing
Jeff Gordon,USA,30,2009,Racing
Jeff Gordon,USA,32,2008,Racing
Jeff Gordon,USA,24.5,2007,Racing
Jeff Gordon,USA,23.4,2005,Racing
Jeff Gordon,USA,19.3,2004,Racing
Jeff Gordon,USA,18.5,2003,Racing
Jeff Gordon,USA,20,2002,Racing
Jeff Gordon,USA,17,1999,Racing
Jeff Gordon,USA,14.5,1998,Racing
Jeff Gordon,USA,10.3,1997,Racing
Jennifer Capriati,USA,6,2002,Tennis
Jennifer Capriati,USA,5.1,1991,Tennis
Jeremy Lin,USA,18.9,2015,Basketball
Jermaine Oneal,USA,24,2010,Basketball
Jerry Rice,USA,7,1995,Football
Jevon Kearse,USA,17.2,2004,Football
Jim Courier,USA,12.6,1993,Tennis
Jim Courier,USA,9,1992,Tennis
Jim Furyk,USA,23,2011,Golf
Jimmie Johnson,USA,21.8,2017,Racing
Jimmie Johnson,USA,22.2,2016,Racing
Jimmie Johnson,USA,22.7,2015,Racing
Jimmie Johnson,USA,23.5,2014,Racing
Jimmie Johnson,USA,24,2013,Racing
Jimmie Johnson,USA,21.5,2012,Racing
Jimmie Johnson,USA,24,2011,Racing
Jimmie Johnson,USA,23,2010,Racing
Jimmy Butler,USA,38.5,2021,Basketball
Jimmy Butler,USA,27.6,2020,Basketball
Jimmy Garoppolo,USA,36.2,2018,Football
JJ Redick,USA,23.5,2018,Basketball
JJ Watt,USA,34.5,2021,Football
JJ Watt,USA,27.9,2015,Football
Joe Carter,USA,7,1995,Baseball
Joe Carter,USA,3.9,1991,Baseball
Joe Flacco,USA,44.5,2016,Football
Joe Flacco,USA,36.8,2013,Football
Joe Haden,USA,21.4,2014,Football
Joe Johnson,USA,22.9,2016,Basketball
Joe Johnson,USA,24.2,2015,Basketball
Joe Johnson,USA,22.5,2014,Basketball
Joe Johnson,USA,20.8,2013,Basketball
Joe Mauer,USA,23.5,2018,Baseball
Joe Mauer,USA,23.8,2017,Baseball
Joe Mauer,USA,23.8,2016,Baseball
Joe Mauer,USA,24,2015,Baseball
Joe Mauer,USA,24.8,2014,Baseball
Joe Mauer,USA,25.5,2013,Baseball
Joe Mauer,USA,27,2012,Baseball
Joe Mauer,USA,19.3,2011,Baseball
Joe Montana,USA,10.3,1994,Football
Joe Montana,USA,11.5,1993,Football
Joe Montana,USA,9.5,1992,Football
Joe Montana,USA,7.5,1991,Football
Joe Montana,USA,4.4,1990,Football
Joe Sakic,Canada,17.9,1997,Hockey
Joe Thomas,USA,19.8,2012,Football
Joel Embiid,South Africa,26.7,2020,Basketball
Joel Embiid,South Africa,32.1,2019,Basketball
Joey Bosa,USA,44,2021,Football
Joey Votto,Canada,25.4,2019,Baseball
Joey Votto,Canada,23.4,2018,Baseball
Johan Santana,Venezuela,22.9,2014,Baseball
Johan Santana,Venezuela,25.5,2013,Baseball
Johan Santana,Venezuela,23.8,2012,Baseball
Johan Santana,Venezuela,21.5,2011,Baseball
John Elway,USA,8.8,1996,Football
John Terry,UK,17.5,2012,Soccer
John Wall,USA,31.2,2020,Basketball
John Wall,USA,23.2,2018,Basketball
John Williams,USA,4.9,1991,Basketball
Jon Beason,USA,21.4,2012,Football
Jon Lester,USA,25.3,2019,Baseball
Jon Lester,USA,34.1,2015,Baseball
Jonathan Joseph,UK,18.1,2012,Football
Jordan Spieth,USA,27.6,2020,Golf
Jordan Spieth,USA,31.1,2019,Golf
Jordan Spieth,USA,41.2,2018,Golf
Jordan Spieth,USA,34.5,2017,Golf
Jordan Spieth,USA,52.8,2016,Golf
Jordan Spieth,USA,19.8,2015,Golf
Jose Canseco,USA,6,1990,Baseball
Jose Reyes,USA,22.1,2017,Baseball
Josh Hamilton,USA,24.1,2017,Baseball
Josh Hamilton,USA,24.7,2013,Baseball
Jrue Holiday,USA,27.6,2019,Basketball
Jrue Holiday,USA,26.9,2018,Basketball
Julio Cesar Chavez,Mexico,9,1996,Boxing
Julio Cesar Chavez,Mexico,8.5,1994,Boxing
Julio Cesar Chavez,Mexico,8,1993,Boxing
Julio Cesar Chavez,Mexico,7,1992,Boxing
Julio Jones,USA,40.5,2020,Football
Julio Jones,USA,27.2,2016,Football
Julius Peppers,USA,20.8,2014,Football
Julius Peppers,USA,36,2010,Football
Justin Houston,USA,28.2,2019,Football
Justin Houston,USA,21.8,2016,Football
Justin Rose,UK,32.4,2019,Golf
Justin Rose,UK,20.2,2015,Golf
Justin Thomas,USA,26,2018,Golf
Justin Upton,USA,22.3,2017,Baseball
Justin Verlander,USA,29.5,2019,Baseball
Justin Verlander,USA,29.4,2018,Baseball
Justin Verlander,USA,28.8,2017,Baseball
Justin Verlander,USA,28.6,2016,Baseball
Justin Verlander,USA,23.4,2015,Baseball
Justin Verlander,USA,20.7,2014,Baseball
Justin Verlander,USA,20.8,2013,Baseball
Justin Verlander,USA,17.5,2012,Baseball
Justine Henin,Belgium,12.5,2008,Tennis
Juwan Howard,USA,19.5,2003,Basketball
Juwan Howard,USA,16,2000,Basketball
Juwan Howard,USA,11.2,1997,Basketball
Kaka,Brazil,19.3,2013,Soccer
Kaka,Brazil,20.8,2012,Soccer
Kaka,Brazil,25,2011,Soccer
Kaka,Brazil,25.6,2010,Soccer
Karl Malone,USA,18.5,2003,Basketball
Karl Malone,USA,16,2000,Basketball
Karl Malone,USA,18,1999,Basketball
Karl-Anthony Towns,Dominican Republic,23.5,2020,Basketball
Kawhi Leonard,USA,30.5,2020,Basketball
Kawhi Leonard,USA,28.7,2019,Basketball
Kei Nishikori,Japan,32.1,2020,Tennis
Kei Nishikori,Japan,37.3,2019,Tennis
Kei Nishikori,Japan,34.6,2018,Tennis
Kei Nishikori,Japan,33.9,2017,Tennis
Kei Nishikori,Japan,33.5,2016,Tennis
Kei Nishikori,Japan,19.5,2015,Tennis
Kemba Walker,USA,27.6,2020,Basketball
Ken Griffey Jr,USA,16.5,2002,Baseball
Ken Griffey Jr,USA,12.7,1998,Baseball
Ken Griffey Jr,USA,13,1997,Baseball
Ken Griffey Jr,USA,10.8,1996,Baseball
Ken Griffey Jr,USA,7.9,1995,Baseball
Ken Griffey Jr,USA,7,1993,Baseball
Kevin Brown,UK,15.2,2004,Baseball
Kevin Brown,UK,15,1999,Baseball
Kevin Durant,USA,75,2021,Basketball
Kevin Durant,USA,63.9,2020,Basketball
Kevin Durant,USA,65.4,2019,Basketball
Kevin Durant,USA,57.3,2018,Basketball
Kevin Durant,USA,60.6,2017,Basketball
Kevin Durant,USA,56.2,2016,Basketball
Kevin Durant,USA,54.2,2015,Basketball
Kevin Durant,USA,31.9,2014,Basketball
Kevin Durant,USA,30.9,2013,Basketball
Kevin Durant,USA,25.5,2012,Basketball
Kevin Garnett,USA,21.1,2012,Basketball
Kevin Garnett,USA,23.8,2011,Basketball
Kevin Garnett,USA,22.4,2010,Basketball
Kevin Garnett,USA,30,2009,Basketball
Kevin Garnett,USA,29,2008,Basketball
Kevin Garnett,USA,24.3,2007,Basketball
Kevin Garnett,USA,29.7,2004,Basketball
Kevin Garnett,USA,28,2003,Basketball
Kevin Garnett,USA,23,2002,Basketball
Kevin Garnett,USA,21,2000,Basketball
Kevin Garnett,USA,17.5,1999,Basketball
Kevin Love,USA,25.7,2020,Basketball
Kevin Love,USA,28.4,2019,Basketball
Kevin Love,USA,26.9,2018,Basketball
Kevin Love,USA,26.4,2017,Basketball
Kevin Love,USA,23.9,2016,Basketball
Kevin Love,USA,19.7,2015,Basketball
Kevin Mitchell,USA,4.1,1991,Baseball
Khalil Mack,USA,55,2019,Football
Khris Middleton,USA,24.1,2020,Basketball
Ki-Jana Carter,USA,8.4,1995,Football
Kimi Raikkonen,Finland,27,2015,Racing
Kimi Raikkonen,Finland,34,2010,Racing
Kimi Raikkonen,Finland,45,2009,Racing
Kimi Raikkonen,Finland,44,2008,Racing
Kimi Raikkonen,Finland,40,2007,Racing
Kirk Cousins,USA,60.5,2020,Football
Kirk Cousins,USA,28.4,2018,Football
Klay Thompson,USA,44.5,2021,Basketball
Klay Thompson,USA,38.8,2020,Basketball
Klay Thompson,USA,34.3,2019,Basketball
Klay Thompson,USA,31.1,2018,Basketball
Klay Thompson,USA,21.9,2017,Basketball
Kobe Bryant,USA,50,2016,Basketball
Kobe Bryant,USA,49.5,2015,Basketball
Kobe Bryant,USA,61.5,2014,Basketball
Kobe Bryant,USA,61.9,2013,Basketball
Kobe Bryant,USA,52.3,2012,Basketball
Kobe Bryant,USA,53,2011,Basketball
Kobe Bryant,USA,48,2010,Basketball
Kobe Bryant,USA,45,2009,Basketball
Kobe Bryant,USA,39,2008,Basketball
Kobe Bryant,USA,32.9,2007,Basketball
Kobe Bryant,USA,31,2006,Basketball
Kobe Bryant,USA,28.8,2005,Basketball
Kobe Bryant,USA,26.1,2004,Basketball
Kobe Bryant,USA,22,2002,Basketball
Kobe Bryant,USA,20,2000,Basketball
Kristaps Porzingis,Latvia,24.5,2020,Basketball
Kyle Lowry,USA,28.5,2020,Basketball
Kyle Lowry,USA,33.8,2019,Basketball
Kyle Lowry,USA,30.5,2018,Basketball
Kylian Mbappe,France,40,2021,Soccer
Kylian Mbappe,France,33.8,2020,Soccer
Kylian Mbappe,France,30.6,2019,Soccer
Kyrie Irving,Australia,44,2021,Basketball
Kyrie Irving,Australia,41.9,2020,Basketball
Kyrie Irving,Australia,43.3,2019,Basketball
Kyrie Irving,Australia,36.1,2018,Basketball
Kyrie Irving,Australia,29.9,2017,Basketball
Kyrie Irving,Australia,27.6,2016,Basketball
LaMarcus Aldridge,USA,23.1,2018,Basketball
LaMarcus Aldridge,USA,22.1,2017,Basketball
LaMarcus Aldridge,USA,21.2,2016,Basketball
LaMarr Woodley,USA,26.5,2012,Football
Lance Armstrong,USA,21,2010,Cycling
Lance Armstrong,USA,28,2005,Cycling
Lance Armstrong,USA,19.2,2004,Cycling
Larry Bird,USA,7.9,1991,Basketball
Larry Fitzgerald,USA,18.5,2014,Football
Larry Fitzgerald,USA,36.8,2012,Football
Larry Holmes,USA,8.2,1992,Boxing
Lavar Arrington,USA,16.5,2004,Football
Lawrence Timmons,USA,18.6,2012,Football
LeBron James,USA,96.5,2021,Basketball
LeBron James,USA,88.2,2020,Basketball
LeBron James,USA,89,2019,Basketball
LeBron James,USA,85.5,2018,Basketball
LeBron James,USA,86.2,2017,Basketball
LeBron James,USA,77.2,2016,Basketball
LeBron James,USA,64.8,2015,Basketball
LeBron James,USA,72.3,2014,Basketball
LeBron James,USA,59.8,2013,Basketball
LeBron James,USA,53,2012,Basketball
LeBron James,USA,48,2011,Basketball
Lebron James,USA,42.8,2010,Basketball
Lebron James,USA,40,2009,Basketball
Lebron James,USA,38,2008,Basketball
Lebron James,USA,27.3,2007,Basketball
Lebron James,USA,26,2006,Basketball
Lebron James,USA,22.9,2005,Basketball
Lebron James,USA,21.1,2004,Basketball
Lee Trevino,USA,5,1992,Golf
Lennox Lewis,USA,28,2002,Boxing
Lennox Lewis,USA,23,2000,Boxing
Lennox Lewis,USA,29,1999,Boxing
Lennox Lewis,USA,11.4,1998,Boxing
Lennox Lewis,USA,9.7,1997,Boxing
Lennox Lewis,USA,8.3,1994,Boxing
Lennox Lewis,USA,15,1993,Boxing
Leonard Davis,USA,25.4,2007,Football
Leonard Williams,USA,39,2021,Football
LeSean McCoy,USA,22.1,2015,Football
Lewis Hamilton,UK,82,2021,Racing
Lewis Hamilton,UK,54,2020,Racing
Lewis Hamilton,UK,55,2019,Racing
Lewis Hamilton,UK,51,2018,Racing
Lewis Hamilton,UK,46,2017,Racing
Lewis Hamilton,UK,46,2016,Racing
Lewis Hamilton,UK,39,2015,Racing
Lewis Hamilton,UK,32,2014,Racing
Lewis Hamilton,UK,27.5,2013,Racing
Lewis Hamilton,UK,28,2012,Racing
Lewis Hamilton,UK,30,2011,Racing
Lewis Hamilton,UK,29,2010,Racing
Li Na,China,23.6,2014,Tennis
Li Na,China,18.2,2013,Tennis
Li Na,China,18.4,2012,Tennis
Lindsay Davenport,USA,6,2005,Tennis
Lindsay Davenport,USA,6,2000,Tennis
Lionel Messi,Argentina,130,2021,Soccer
Lionel Messi,Argentina,104,2020,Soccer
Lionel Messi,Argentina,127,2019,Soccer
Lionel Messi,Argentina,111,2018,Soccer
Lionel Messi,Argentina,80,2017,Soccer
Lionel Messi,Argentina,81.4,2016,Soccer
Lionel Messi,Argentina,73.8,2015,Soccer
Lionel Messi,Argentina,64.7,2014,Soccer
Lionel Messi,Argentina,41.3,2013,Soccer
Lionel Messi,Argentina,39,2012,Soccer
Lionel Messi,Argentina,32.3,2011,Soccer
Lionel Messi,Argentina,27,2010,Soccer
Logan Mankins,USA,21.9,2012,Football
Lorena Ochoa,Mexico,10,2008,Golf
Luis Suarez,Uruguay,26.9,2018,Soccer
Luis Suarez,Uruguay,23.3,2017,Soccer
Luis Suarez,Uruguay,23.8,2016,Soccer
Luis Suarez,Uruguay,21,2015,Soccer
Luis Suarez,Uruguay,17.3,2014,Soccer
Luke Donald,UK,22.2,2012,Golf
Luke Kuechly,USA,27.1,2016,Football
Magic Johnson,USA,6.5,1992,Basketball
Magic Johnson,USA,5.5,1991,Basketball
Magic Johnson,USA,4.5,1990,Basketball
Mahendra Singh Dhoni,India,31,2015,Cricket
Mahendra Singh Dhoni,India,30,2014,Cricket
Mahendra Singh Dhoni,India,31.5,2013,Cricket
Mahendra Singh Dhoni,India,26.5,2012,Cricket
Manny Machado,USA,34.8,2019,Baseball
Manny Pacquiao,Philippine,26,2019,Boxing
Manny Pacquiao,Philippine,24,2016,Boxing
Manny Pacquiao,Philippine,160,2015,Boxing
Manny Pacquiao,Philippine,41.8,2014,Boxing
Manny Pacquiao,Philippine,34,2013,Boxing
Manny Pacquiao,Philippine,62,2012,Boxing
Manny Pacquiao,Philippine,25,2011,Boxing
Manny Pacquiao,Philippine,42,2010,Boxing
Manny Pacquiao,Philippine,40,2009,Boxing
Manny Ramirez,USA,24.2,2005,Baseball
Manny Ramirez,USA,22.1,2004,Baseball
Manny Ramirez,USA,19,2002,Baseball
Marc Gasol,Spain,25.1,2019,Basketball
Marc Gasol,Spain,23.7,2018,Basketball
Marc Gasol,Spain,22.2,2017,Basketball
Marcell Dareus,USA,35.2,2016,Football
Marcus Mariota,USA,23.9,2020,Football
Maria Sharapova,Russia,21.9,2016,Tennis
Maria Sharapova,Russia,29.7,2015,Tennis
Maria Sharapova,Russia,24.4,2014,Tennis
Maria Sharapova,Russia,29,2013,Tennis
Maria Sharapova,Russia,27.9,2012,Tennis
Maria Sharapova,Russia,24.2,2011,Tennis
Maria Sharapova,Russia,24.5,2010,Tennis
Maria Sharapova,Russia,22,2009,Tennis
Maria Sharapova,Russia,26,2008,Tennis
Maria Sharapova,Russia,23,2007,Tennis
Maria Sharapova,Russia,19,2006,Tennis
Maria Sharapova,Russia,18.2,2005,Tennis
Mario Andretti,USA,5.5,1994,Racing
Mario Lemieux,Canada,8.3,1996,Hockey
Mario Williams,USA,33.2,2012,Football
Mark McGwire,USA,10,1998,Baseball
Mark Messier,Canada,7,1995,Hockey
Mark Sanchez,USA,24.2,2012,Football
Mark Teixeira,USA,23,2016,Baseball
Mark Teixeira,USA,23,2015,Baseball
Mark Teixeira,USA,22.7,2014,Baseball
Mark Teixeira,USA,22.9,2013,Baseball
Mark Teixeira,USA,22.8,2012,Baseball
Mark Teixeira,USA,20.8,2011,Baseball
Marlon Humphrey,USA,37.5,2021,Football
Marshall Faulk,USA,6.2,1994,Football
Martina Hingis,Switzerland,6,2003,Tennis
Martina Hingis,Switzerland,9,2002,Tennis
Martina Hingis,Switzerland,11,2000,Tennis
Martina Hingis,Switzerland,12,1999,Tennis
Martina Hingis,Switzerland,10.1,1998,Tennis
Masahiro Tanaka,Japan,23.1,2018,Baseball
Masahiro Tanaka,Japan,23,2017,Baseball
Masahiro Tanaka,Japan,23,2016,Baseball
Masahiro Tanaka,Japan,23,2015,Baseball
Matt Cain,USA,20.8,2015,Baseball
Matt Cain,USA,20.4,2014,Baseball
Matt Cain,USA,17.4,2013,Baseball
Matt Hasselbeck,USA,22.8,2005,Football
Matt Holliday,USA,17.4,2014,Baseball
Matt Holliday,USA,17.4,2013,Baseball
Matt Holliday,USA,17.6,2012,Baseball
Matt Judon,USA,36,2021,Football
Matt Kalil,USA,23.2,2017,Football
Matt Kemp,USA,21.7,2017,Baseball
Matt Kemp,USA,21.7,2016,Baseball
Matt Kemp,USA,22.2,2015,Baseball
Matt Kemp,USA,22.6,2014,Baseball
Matt Ryan,USA,29.5,2020,Football
Matt Ryan,USA,29.8,2019,Football
Matt Ryan,USA,67.3,2018,Football
Matt Ryan,USA,43.8,2014,Football
Matt Schaub,USA,22.3,2013,Football
Matthew Stafford,USA,59.5,2018,Football
Matthew Stafford,USA,33,2014,Football
Matthew Stafford,USA,20.9,2012,Football
Matthew Stafford,USA,21.4,2010,Football
Maurkice Pouncey,USA,18.9,2015,Football
Max Scherzer,USA,18.9,2015,Baseball
Max Verstappen,Belgium,42.5,2021,Racing
Melvin Ingram,USA,23,2018,Football
Mesut Ozil,Germany,28.7,2020,Soccer
Mesut Ozil,Germany,30.2,2019,Soccer
Mesut Ozil,Germany,19.3,2015,Soccer
Mesut Ozil,Germany,18.5,2014,Soccer
Michael Chang,USA,10.2,1998,Tennis
Michael Chang,USA,12,1997,Tennis
Michael Chang,USA,9,1996,Tennis
Michael Chang,USA,7.6,1995,Tennis
Michael Chang,USA,5.8,1994,Tennis
Michael Chang,USA,7.5,1993,Tennis
Michael Chang,USA,8,1992,Tennis
Michael Irvin,USA,6.9,1995,Football
Michael Jordan,USA,45,2009,Basketball
Michael Jordan,USA,45,2008,Basketball
Michael Jordan,USA,31,2007,Basketball
Michael Jordan,USA,32,2006,Basketball
Michael Jordan,USA,33,2005,Basketball
Michael Jordan,USA,35,2004,Basketball
Michael Jordan,USA,35,2003,Basketball
Michael Jordan,USA,36,2002,Basketball
Michael Jordan,USA,37,2000,Basketball
Michael Jordan,USA,40,1999,Basketball
Michael Jordan,USA,69,1998,Basketball
Michael Jordan,USA,78.3,1997,Basketball
Michael Jordan,USA,52.6,1996,Basketball
Michael Jordan,USA,43.9,1995,Basketball
Michael Jordan,USA,30,1994,Basketball
Michael Jordan,USA,36,1993,Basketball
Michael Jordan,USA,35.9,1992,Basketball
Michael Jordan,USA,16,1991,Basketball
Michael Jordan,USA,8.5,1990,Basketball
Michael Moorer,USA,9.6,1997,Boxing
Michael Moorer,USA,12.1,1994,Boxing
Michael Redd,USA,18.8,2011,Basketball
Michael Schumacher,Germany,30,2012,Racing
Michael Schumacher,Germany,34,2011,Racing
Michael Schumacher,Germany,28,2010,Racing
Michael Schumacher,Germany,36,2007,Racing
Michael Schumacher,Germany,58,2006,Racing
Michael Schumacher,Germany,60,2005,Racing
Michael Schumacher,Germany,80,2004,Racing
Michael Schumacher,Germany,75,2003,Racing
Michael Schumacher,Germany,67,2002,Racing
Michael Schumacher,Germany,59,2000,Racing
Michael Schumacher,Germany,49,1999,Racing
Michael Schumacher,Germany,38,1998,Racing
Michael Schumacher,Germany,35,1997,Racing
Michael Schumacher,Germany,33,1996,Racing
Michael Schumacher,Germany,15,1995,Racing
Michael Schumacher,Germany,6,1994,Racing
Michael Thomas,UK,32.4,2020,Football
Michael Vick,USA,22,2012,Football
Michael Vick,USA,37.5,2005,Football
Michael Young,USA,17.3,2013,Baseball
Michelle Wie,USA,17,2006,Golf
Miguel Cabrera,Venezuela,29.2,2019,Baseball
Miguel Cabrera,Venezuela,29.2,2018,Baseball
Miguel Cabrera,Venezuela,30.3,2017,Baseball
Miguel Cabrera,Venezuela,26.6,2016,Baseball
Miguel Cabrera,Venezuela,25.1,2015,Baseball
Miguel Cabrera,Venezuela,24.6,2014,Baseball
Miguel Cabrera,Venezuela,23,2013,Baseball
Miguel Cabrera,Venezuela,20.8,2012,Baseball
Miguel Cabrera,Venezuela,20.3,2011,Baseball
Miguel Cotto,Spain,19,2012,Boxing
Mike Conley,USA,25.4,2020,Basketball
Mike Conley,USA,31.5,2019,Basketball
Mike Conley,USA,30,2018,Basketball
Mike Conley,USA,28.6,2017,Basketball
Mike Piazza,USA,17.3,2004,Baseball
Mike Piazza,USA,15,2000,Baseball
Mike Piazza,USA,15,1999,Baseball
Mike Piazza,USA,12,1998,Baseball
Mike Piazza,USA,10.6,1997,Baseball
Mike Trout,USA,50.6,2019,Baseball
Mike Trout,USA,26.4,2018,Baseball
Mike Tyson,USA,23,2002,Boxing
Mike Tyson,USA,48,2000,Boxing
Mike Tyson,USA,33,1999,Boxing
Mike Tyson,USA,27,1997,Boxing
Mike Tyson,USA,75,1996,Boxing
Mike Tyson,USA,40,1995,Boxing
Mike Tyson,USA,31.5,1991,Boxing
Mike Tyson,USA,28.6,1990,Boxing
Mo Vaughn,USA,11.9,1998,Baseball
Mohamed Salah,Egypt,37.5,2021,Soccer
Mohamed Salah,Egypt,35.1,2020,Soccer
Mohamed Salah,Egypt,25.1,2019,Soccer
Monica Seles,USA,7.5,1999,Tennis
Monica Seles,USA,8.5,1992,Tennis
Monica Seles,USA,7.6,1991,Tennis
Muhammad Ali,USA,55,2006,Boxing
Muhammad Wilkerson,USA,22.4,2017,Football
Myles Garrett,USA,43,2021,Football
Naomi Osaka,Japan,60,2021,Tennis
Naomi Osaka,Japan,37.4,2020,Tennis
Naseem Hamed,UK,12,1997,Boxing
Nate Solder,USA,23.2,2018,Football
Ndamukong Suh,USA,38.6,2015,Football
Ndamukong Suh,USA,36,2012,Football
Neil Odonnell,USA,8.8,1996,Football
Nelson Piquet,Brazil,4.2,1991,Racing
Neymar,Brazil,95,2021,Soccer
Neymar,Brazil,95.5,2020,Soccer
Neymar,Brazil,105,2019,Soccer
Neymar,Brazil,90,2018,Soccer
Neymar,Brazil,37,2017,Soccer
Neymar,Brazil,37.5,2016,Soccer
Neymar,Brazil,31,2015,Soccer
Neymar,Brazil,33.6,2014,Soccer
Neymar,Brazil,20.5,2013,Soccer
Nick Bosa,USA,23.7,2020,Football
Nick Faldo,UK,6,1992,Golf
Nick Faldo,UK,5.4,1991,Golf
Nick Foles,USA,35.8,2019,Football
Nick Perry,USA,22.3,2017,Football
Nico Rosberg,Finland,21,2016,Racing
Nicolas Batum,France,22.9,2018,Basketball
Nicolas Batum,France,21.5,2017,Basketball
Nigel Mansell,UK,11.3,1994,Racing
Nigel Mansell,UK,9,1993,Racing
Nigel Mansell,UK,14.5,1992,Racing
Nigel Mansell,UK,9,1991,Racing
Nigel Mansell,UK,7,1990,Racing
Nikola Jokic,Serbia,26.2,2019,Basketball
Nolan Ryan,USA,6.1,1993,Baseball
Novak Djokovic,Serbia,34.5,2021,Tennis
Novak Djokovic,Serbia,44.6,2020,Tennis
Novak Djokovic,Serbia,50.6,2019,Tennis
Novak Djokovic,Serbia,23.5,2018,Tennis
Novak Djokovic,Serbia,37.6,2017,Tennis
Novak Djokovic,Serbia,55.8,2016,Tennis
Novak Djokovic,Serbia,48.2,2015,Tennis
Novak Djokovic,Serbia,33.1,2014,Tennis
Novak Djokovic,Serbia,26.9,2013,Tennis
Novak Djokovic,Serbia,20.6,2012,Tennis
Odell Beckham Jr,USA,26.5,2019,Football
Olivier Vernon,USA,29,2016,Football
Oscar,Brazil,27.5,2020,Soccer
Oscar,Brazil,29,2019,Soccer
Oscar,Brazil,27.4,2018,Soccer
Oscar De La Hoya,USA,43,2007,Boxing
Oscar De La Hoya,USA,38,2005,Boxing
Oscar De La Hoya,USA,22,2004,Boxing
Oscar De La Hoya,USA,30,2003,Boxing
Oscar De La Hoya,USA,23,2000,Boxing
Oscar De La Hoya,USA,43.5,1999,Boxing
Oscar De La Hoya,USA,18.5,1998,Boxing
Oscar De La Hoya,USA,38,1997,Boxing
Oscar De La Hoya,USA,11.3,1996,Boxing
Otto Porter Jr,USA,26.5,2019,Basketball
Otto Porter Jr,USA,25.3,2018,Basketball
Patrick Ewing,USA,15,1999,Basketball
Patrick Ewing,USA,18.3,1998,Basketball
Patrick Ewing,USA,12.4,1996,Basketball
Patrick Ewing,USA,9.5,1995,Basketball
Patrick Ewing,USA,6,1994,Basketball
Patrick Ewing,USA,5,1992,Basketball
Patrick Ewing,USA,5,1991,Basketball
Patrick Ewing,USA,4.2,1990,Basketball
Patrick Mahomes,USA,54.5,2021,Football
Pau Gasol,UK,21.8,2014,Basketball
Pau Gasol,UK,21.5,2013,Basketball
Pau Gasol,UK,17.2,2012,Basketball
Pau Gasol,UK,18.9,2011,Basketball
Paul George,USA,37,2021,Basketball
Paul George,USA,32.8,2020,Basketball
Paul George,USA,38.6,2019,Basketball
Paul George,USA,27.1,2018,Basketball
Paul George,USA,25.8,2017,Basketball
Paul George,USA,24.1,2016,Basketball
Paul Millsap,USA,23.3,2020,Basketball
Paul Millsap,USA,30.1,2019,Basketball
Paul Millsap,USA,31.8,2018,Basketball
Paul Pierce,USA,18.8,2013,Basketball
Paul Pierce,USA,21.8,2010,Basketball
Paul Pogba,France,35.5,2021,Soccer
Paul Pogba,France,28.5,2020,Soccer
Paul Pogba,France,33,2019,Soccer
Paul Pogba,France,29.5,2018,Soccer
Pedro Martinez,USA,16.8,2004,Baseball
Pedro Martinez,USA,10.7,1998,Baseball
Pernell Whitaker,USA,7,1995,Boxing
Pernell Whitaker,USA,5.2,1994,Boxing
Pete Sampras,USA,11.7,1998,Tennis
Pete Sampras,USA,14.5,1997,Tennis
Pete Sampras,USA,11.3,1996,Tennis
Pete Sampras,USA,11.2,1995,Tennis
Pete Sampras,USA,10.6,1994,Tennis
Pete Sampras,USA,9.6,1993,Tennis
Pete Sampras,USA,5.6,1992,Tennis
Pete Sampras,USA,4.4,1991,Tennis
Peyton Manning,USA,34.2,2016,Football
Peyton Manning,USA,27,2015,Football
Peyton Manning,USA,27.1,2014,Football
Peyton Manning,USA,30,2013,Football
Peyton Manning,USA,42.4,2012,Football
Peyton Manning,USA,26.1,2011,Football
Peyton Manning,USA,24.8,2010,Football
Peyton Manning,USA,42,2004,Football
Peyton Manning,USA,15,2000,Football
Peyton Manning,USA,11.6,1998,Football
Phil Mickelson,USA,41,2021,Golf
Phil Mickelson,USA,40.8,2020,Golf
Phil Mickelson,USA,48.4,2019,Golf
Phil Mickelson,USA,41.3,2018,Golf
Phil Mickelson,USA,43.5,2017,Golf
Phil Mickelson,USA,52.9,2016,Golf
Phil Mickelson,USA,50.8,2015,Golf
Phil Mickelson,USA,53.2,2014,Golf
Phil Mickelson,USA,48.7,2013,Golf
Phil Mickelson,USA,47.8,2012,Golf
Phil Mickelson,USA,46.5,2011,Golf
Phil Mickelson,USA,46,2010,Golf
Phil Mickelson,USA,40,2009,Golf
Phil Mickelson,USA,45,2008,Golf
Phil Mickelson,USA,42.2,2007,Golf
Phil Mickelson,USA,47,2006,Golf
Phil Mickelson,USA,26.8,2005,Golf
Phil Mickelson,USA,19.8,2004,Golf
Philip Rivers,USA,23.4,2020,Football
Philip Rivers,USA,38,2016,Football
Philip Rivers,USA,32.1,2010,Football
Prince Fielder,USA,24.2,2017,Baseball
Prince Fielder,USA,24.6,2016,Baseball
Prince Fielder,USA,24.3,2015,Baseball
Prince Fielder,USA,23.9,2014,Baseball
Prince Fielder,USA,23.8,2013,Baseball
Prince Fielder,USA,19.6,2012,Baseball
Quinnen Williams,USA,22.4,2020,Football
Radamel Falcao,Colombia,25.9,2015,Soccer
Radamel Falcao,Colombia,35.4,2014,Soccer
Rafael Nadal,Spain,40,2020,Tennis
Rafael Nadal,Spain,35,2019,Tennis
Rafael Nadal,Spain,41.4,2018,Tennis
Rafael Nadal,Spain,31.5,2017,Tennis
Rafael Nadal,Spain,37.5,2016,Tennis
Rafael Nadal,Spain,32.5,2015,Tennis
Rafael Nadal,Spain,44.5,2014,Tennis
Rafael Nadal,Spain,26.4,2013,Tennis
Rafael Nadal,Spain,33.2,2012,Tennis
Rafael Nadal,Spain,31.5,2011,Tennis
Raghib Ismail,USA,5,1991,Football
Ralf Schumacher,Germany,16,2004,Racing
Randy Johnson,USA,17.5,2004,Baseball
Rashard Lewis,USA,17.5,2012,Basketball
Rashard Lewis,USA,20.1,2011,Basketball
Rasheed Wallace,USA,15.3,2004,Basketball
Ray Rice,USA,25.8,2013,Football
Razor Ruddock,Canada,10.2,1991,Boxing
Reggie Bush,USA,23.8,2007,Football
Reggie Miller,USA,10.4,1997,Basketball
Reggie White,USA,9.5,1993,Football
Riccardo Patrese,Italy,6.5,1993,Racing
Riccardo Patrese,Italy,7.5,1992,Racing
Richard Seymour,USA,21.9,2012,Football
Riddick Bowe,USA,11.5,1996,Boxing
Riddick Bowe,USA,22.2,1995,Boxing
Riddick Bowe,USA,25,1993,Boxing
Robert Lewandowski,Poland,34,2021,Soccer
Robert Mathis,USA,18.7,2012,Football
Robert Quinn,USA,24.7,2020,Football
Roberto Baggio,Italy,5.3,1994,Soccer
Robin van Persie,Iran,19.5,2014,Soccer
Robin Yount,USA,4.5,1990,Baseball
Robinson Cano,USA,23.1,2018,Baseball
Robinson Cano,USA,26.6,2017,Baseball
Robinson Cano,USA,27,2016,Baseball
Robinson Cano,USA,27.6,2015,Baseball
Robinson Cano,USA,21.5,2014,Baseball
Roger Clemens,USA,5.4,1992,Baseball
Roger Federer,Switzerland,90,2021,Tennis
Roger Federer,Switzerland,106.3,2020,Tennis
Roger Federer,Switzerland,93.4,2019,Tennis
Roger Federer,Switzerland,77.2,2018,Tennis
Roger Federer,Switzerland,64,2017,Tennis
Roger Federer,Switzerland,67.8,2016,Tennis
Roger Federer,Switzerland,67,2015,Tennis
Roger Federer,Switzerland,56.2,2014,Tennis
Roger Federer,Switzerland,71.5,2013,Tennis
Roger Federer,Switzerland,52.7,2012,Tennis
Roger Federer,Switzerland,47,2011,Tennis
Roger Federer,Switzerland,43,2010,Tennis
Roger Federer,Switzerland,33,2009,Tennis
Roger Federer,Switzerland,35,2008,Tennis
Roger Federer,Switzerland,29,2007,Tennis
Rolando McClain,USA,16.7,2012,Football
Ronaldinho,Brazil,24.7,2011,Soccer
Ronaldinho,Brazil,25.1,2010,Soccer
Ronaldinho,Brazil,30,2009,Soccer
Ronaldinho,Brazil,37,2008,Soccer
Ronaldinho,Brazil,31,2007,Soccer
Ronaldinho,Brazil,26,2006,Soccer
Ronaldo,Brazil,23,2005,Soccer
Ronaldo,Brazil,18.5,2004,Soccer
Ronaldo,Brazil,10,1998,Soccer
Ronnie Stanley,USA,47.5,2021,Football
Rory McIlroy,UK,52,2020,Golf
Rory McIlroy,UK,39,2019,Golf
Rory McIlroy,UK,37.7,2018,Golf
Rory McIlroy,UK,50,2017,Golf
Rory McIlroy,UK,42.6,2016,Golf
Rory McIlroy,UK,48.3,2015,Golf
Rory McIlroy,UK,24.3,2014,Golf
Rory McIlroy,UK,29.6,2013,Golf
Rory McIlroy,UK,17.4,2012,Golf
Roy Halladay,USA,20.5,2013,Baseball
Roy Halladay,USA,20.6,2012,Baseball
Roy Jones Jr,USA,12,1998,Boxing
Roy Jones Jr,USA,12,1996,Boxing
Ruben Sierra,USA,5.1,1992,Baseball
Rudy Gay,USA,19.9,2015,Basketball
Rudy Gay,USA,18.6,2014,Basketball
Rudy Gay,USA,17.2,2013,Basketball
Russell Okung,USA,17.1,2012,Football
Russell Westbrook,USA,59,2021,Basketball
Russell Westbrook,USA,56,2020,Basketball
Russell Westbrook,USA,53.7,2019,Basketball
Russell Westbrook,USA,47.6,2018,Basketball
Russell Westbrook,USA,38.6,2017,Basketball
Russell Westbrook,USA,25.7,2016,Basketball
Russell Westbrook,USA,20.3,2015,Basketball
Russell Westbrook,USA,19.2,2014,Basketball
Russell Westbrook,USA,16.9,2013,Basketball
Russell Wilson,USA,89.5,2019,Football
Russell Wilson,USA,41.8,2016,Football
Ryan Howard,USA,27,2017,Baseball
Ryan Howard,USA,25.6,2016,Baseball
Ryan Howard,USA,25.6,2015,Baseball
Ryan Howard,USA,22.4,2014,Baseball
Ryan Howard,USA,21,2013,Baseball
Ryan Howard,USA,21.5,2012,Baseball
Ryan Howard,USA,20.8,2011,Baseball
Ryan Kalil,USA,19.4,2012,Football
Ryan Tannehill,USA,25.5,2020,Football
Ryan Tannehill,USA,35.2,2018,Football
Ryne Sandberg,USA,7.4,1993,Baseball
Sachin Tendulkar,India,22,2013,Cricket
Sachin Tendulkar,India,18.6,2012,Cricket
Sam Bradford,USA,24.3,2018,Football
Sam Bradford,USA,24.3,2016,Football
Sam Bradford,USA,27.8,2012,Football
Sammy Sosa,Dominican Republic,17,2004,Baseball
Sammy Sosa,Dominican Republic,18,2002,Baseball
Sammy Sosa,Dominican Republic,10,1998,Baseball
Sammy Sosa,Dominican Republic,9.5,1997,Baseball
Samuel Etoo,Spain,16.4,2013,Soccer
Saquon Barkley,USA,25.8,2019,Football
Scott Mitchell,UK,6.4,1994,Football
Scottie Pippen,USA,19.5,2003,Basketball
Scottie Pippen,USA,18,2002,Basketball
Scottie Pippen,USA,18,2000,Basketball
Sebastian Vettel,Germany,36.3,2020,Racing
Sebastian Vettel,Germany,40.3,2019,Racing
Sebastian Vettel,Germany,42.3,2018,Racing
Sebastian Vettel,Germany,38.5,2017,Racing
Sebastian Vettel,Germany,41,2016,Racing
Sebastian Vettel,Germany,33,2015,Racing
Sebastian Vettel,Germany,19,2014,Racing
Sebastian Vettel,Germany,18,2013,Racing
Serena Williams,USA,41.5,2021,Tennis
Serena Williams,USA,36,2020,Tennis
Serena Williams,USA,29.2,2019,Tennis
Serena Williams,USA,27,2017,Tennis
Serena Williams,USA,28.9,2016,Tennis
Serena Williams,USA,24.6,2015,Tennis
Serena Williams,USA,22,2014,Tennis
Serena Williams,USA,20.5,2013,Tennis
Serena Williams,USA,17,2009,Tennis
Serena Williams,USA,14,2008,Tennis
Serena Williams,USA,10,2006,Tennis
Serena Williams,USA,12.7,2005,Tennis
Serena Williams,USA,12,2003,Tennis
Serena Williams,USA,8,2002,Tennis
Serena Williams,USA,7.5,2000,Tennis
Serena Williams,USA,6,1999,Tennis
Sergei Fedorov,Russia,29.8,1998,Hockey
Sergio Aguero,Argentina,23.5,2018,Soccer
Sergio Aguero,Argentina,22.6,2017,Soccer
Sergio Aguero,Argentina,24.3,2016,Soccer
Sergio Aguero,Argentina,24.9,2015,Soccer
Sergio Aguero,Argentina,23.3,2014,Soccer
Sergio Aguero,Argentina,20.9,2013,Soccer
Sergio Aguero,Argentina,20.1,2012,Soccer
Sergio Ramos,Spain,21.8,2020,Soccer
Shaq Thompson,USA,23.7,2020,Football
Shaquil Barrett,USA,35,2021,Football
Shaquille ONeal,USA,31,2010,Basketball
Shaquille ONeal,USA,32,2008,Basketball
Shaquille ONeal,USA,31.9,2007,Basketball
Shaquille ONeal,USA,30,2006,Basketball
Shaquille ONeal,USA,33.4,2005,Basketball
Shaquille ONeal,USA,31.9,2004,Basketball
Shaquille ONeal,USA,30.5,2003,Basketball
Shaquille ONeal,USA,24,2002,Basketball
Shaquille ONeal,USA,24,2000,Basketball
Shaquille ONeal,USA,31,1999,Basketball
Shaquille ONeal,USA,9.8,1998,Basketball
Shaquille ONeal,USA,25.4,1997,Basketball
Shaquille ONeal,USA,24.4,1996,Basketball
Shaquille ONeal,USA,21.9,1995,Basketball
Shaquille ONeal,USA,16.7,1994,Basketball
Shaquille ONeal,USA,15.2,1993,Basketball
Shawn Green,USA,15.5,2004,Baseball
Shawn Kemp,USA,12.1,1998,Basketball
Stefan Edberg,Sweden,6.5,1994,Tennis
Stefan Edberg,Sweden,7.8,1993,Tennis
Stefan Edberg,Sweden,7.3,1992,Tennis
Stefan Edberg,Sweden,7.4,1991,Tennis
Stefan Edberg,Sweden,5.5,1990,Tennis
Steffi Graf,German,7.5,1995,Tennis
Steffi Graf,German,8,1994,Tennis
Steffi Graf,German,9.8,1993,Tennis
Steffi Graf,German,7.8,1992,Tennis
Steffi Graf,German,7.3,1991,Tennis
Steffi Graf,German,6.1,1990,Tennis
Stephen Curry,USA,74.5,2021,Basketball
Stephen Curry,USA,74.4,2020,Basketball
Stephen Curry,USA,79.8,2019,Basketball
Stephen Curry,USA,76.9,2018,Basketball
Stephen Curry,USA,47.3,2017,Basketball
Stephen Curry,USA,23.6,2016,Basketball
Stephon Gilmore,USA,29.3,2017,Football
Stephon Tuitt,USA,24.4,2018,Football
Steve Young,USA,8.5,1996,Football
Steve Young,USA,7,1995,Football
Steve Young,USA,6,1993,Football
Steven Adams,New Zealand,27.2,2019,Basketball
Steven Adams,New Zealand,23.5,2018,Basketball
Steven Gerrard,UK,18.7,2014,Soccer
Steven Gerrard,UK,17.2,2013,Soccer
Steven Gerrard,UK,17,2012,Soccer
Sugar Ray Leonard,USA,13,1990,Boxing
Terrell Suggs,USA,17.6,2014,Football
Terrell Suggs,USA,38.3,2010,Football
Thierry Henry,France,23.5,2010,Soccer
Tiger Woods,USA,60,2021,Golf
Tiger Woods,USA,62.3,2020,Golf
Tiger Woods,USA,63.9,2019,Golf
Tiger Woods,USA,43.3,2018,Golf
Tiger Woods,USA,37.1,2017,Golf
Tiger Woods,USA,45.3,2016,Golf
Tiger Woods,USA,50.6,2015,Golf
Tiger Woods,USA,61.2,2014,Golf
Tiger Woods,USA,78.1,2013,Golf
Tiger Woods,USA,59.4,2012,Golf
Tiger Woods,USA,75,2011,Golf
Tiger Woods,USA,105,2010,Golf
Tiger Woods,USA,110,2009,Golf
Tiger Woods,USA,115,2008,Golf
Tiger Woods,USA,100,2007,Golf
Tiger Woods,USA,90,2006,Golf
Tiger Woods,USA,87,2005,Golf
Tiger Woods,USA,80.3,2004,Golf
Tiger Woods,USA,78,2003,Golf
Tiger Woods,USA,69,2002,Golf
Tiger Woods,USA,53,2000,Golf
Tiger Woods,USA,47,1999,Golf
Tiger Woods,USA,26.8,1998,Golf
Tiger Woods,USA,26.1,1997,Golf
Tiger Woods,USA,8.8,1996,Golf
Tim Duncan,USA,19.1,2012,Basketball
Tim Duncan,USA,21.2,2011,Basketball
Tim Duncan,USA,24.7,2010,Basketball
Tim Lincecum,USA,20.6,2014,Baseball
Tim Lincecum,USA,20.1,2013,Baseball
Tobias Harris,USA,25.4,2020,Basketball
Todd Helton,USA,19.6,2011,Baseball
Tom Brady,USA,76,2021,Football
Tom Brady,USA,45,2020,Football
Tom Brady,USA,27,2019,Football
Tom Brady,USA,44.1,2016,Football
Tom Brady,USA,38.3,2013,Football
Tom Brady,USA,27.1,2012,Football
Tom Brady,USA,31,2011,Football
Tom Brady,USA,29,2006,Football
Tony Romo,USA,22,2015,Football
Tony Romo,USA,28.8,2013,Football
Tony Stewart,USA,18.5,2013,Racing
Tony Stewart,USA,22.3,2012,Racing
Torii Hunter,USA,18.3,2012,Baseball
Tracy McGrady,USA,28.2,2010,Basketball
Tracy McGrady,USA,19,2004,Basketball
Trae Waynes,USA,24.3,2020,Football
Trent Dilfer,USA,5.5,1994,Football
Trent Williams,USA,43.5,2021,Football
Trent Williams,USA,25.6,2016,Football
Trey Flowers,USA,30.2,2019,Football
Troy Aikman,USA,15.5,1999,Football
Troy Aikman,USA,8.1,1996,Football
Troy Tulowitzki,USA,22.5,2016,Basketball
Trumaine Johnson,USA,37,2018,Football
Tyron Smith,USA,21.4,2015,Football
Tyson Fury,UK,57,2020,Boxing
Usain Bolt,Jamaica,31,2018,Track
Usain Bolt,Jamaica,34.2,2017,Track
Usain Bolt,Jamaica,32.5,2016,Track
Usain Bolt,Jamaica,21,2015,Track
Usain Bolt,Jamaica,23.2,2014,Track
Usain Bolt,Jamaica,24.2,2013,Track
Usain Bolt,Jamaica,20.3,2012,Track
Valentino Rossi,Italy,22,2013,Racing
Valentino Rossi,Italy,30,2012,Racing
Valentino Rossi,Italy,31,2011,Racing
Valentino Rossi,Italy,32,2010,Racing
Valentino Rossi,Italy,35,2008,Racing
Valentino Rossi,Italy,30,2007,Racing
Valentino Rossi,Italy,30,2006,Racing
Valentino Rossi,Italy,28,2005,Racing
Venus Williams,USA,15,2009,Tennis
Venus Williams,USA,7,2006,Tennis
Venus Williams,USA,6.5,2005,Tennis
Venus Williams,USA,14,2003,Tennis
Venus Williams,USA,11,2002,Tennis
Venus Williams,USA,10,2000,Tennis
Venus Williams,USA,5,1999,Tennis
Vernon Wells,Australia,21.1,2014,Baseball
Vernon Wells,Australia,21.2,2013,Baseball
Vernon Wells,Australia,22.1,2012,Baseball
Vijay Singh,India,25.8,2007,Golf
Vince Carter,USA,21.8,2011,Basketball
Vince Carter,USA,21.3,2010,Basketball
Vince Carter,USA,20.2,2004,Basketball
Vincent Jackson,USA,23.4,2013,Football
Virat Kohli,India,26,2020,Cricket
Virat Kohli,India,25,2019,Cricket
Virat Kohli,India,24,2018,Cricket
Virat Kohli,India,22,2017,Cricket
Von Miller,USA,35.1,2018,Football
Von Miller,USA,28.1,2017,Football
Walter Jones,USA,23.2,2005,Football
Wayne Gretzky,Canada,14.6,1998,Hockey
Wayne Gretzky,Canada,10.9,1997,Hockey
Wayne Gretzky,Canada,11.5,1996,Hockey
Wayne Gretzky,Canada,14.5,1995,Hockey
Wayne Gretzky,Canada,13.5,1994,Hockey
Wayne Gretzky,Canada,8.3,1993,Hockey
Wayne Gretzky,Canada,7.5,1992,Hockey
Wayne Gretzky,Canada,7,1991,Hockey
Wayne Gretzky,Canada,6,1990,Hockey
Wayne Rooney,UK,27,2018,Soccer
Wayne Rooney,UK,23.6,2017,Soccer
Wayne Rooney,UK,26.1,2016,Soccer
Wayne Rooney,UK,26.9,2015,Soccer
Wayne Rooney,UK,23.4,2014,Soccer
Wayne Rooney,UK,21.1,2013,Soccer
Wayne Rooney,UK,24.3,2012,Soccer
Wayne Rooney,UK,24.2,2011,Soccer
Will Clark,USA,5.2,1994,Baseball
Will Clark,USA,4.8,1992,Baseball
Will Clark,USA,4.2,1991,Baseball
Will Clark,USA,3.8,1990,Baseball
Wladimir Klitschko,Ukraine,21.5,2017,Boxing
Wladimir Klitschko,Ukraine,22.5,2015,Boxing
Wladimir Klitschko,Ukraine,28,2014,Boxing
Wladimir Klitschko,Ukraine,24,2013,Boxing
Wladimir Klitschko,Ukraine,28,2012,Boxing
Yao Ming,China,27.7,2011,Basketball
Yao Ming,China,28.4,2010,Basketball
Yao Ming,China,26.3,2007,Basketball
Yao Ming,China,15.7,2004,Basketball
Yaya Toure,Ivory Coast,20,2015,Soccer
Yaya Toure,Ivory Coast,21.7,2014,Soccer
Yaya Toure,Ivory Coast,20.7,2013,Soccer
Yaya Toure,Ivory Coast,19.1,2012,Soccer
Yoenis Cespedes,Cuba,29.4,2019,Baseball
Yoenis Cespedes,Cuba,25.2,2018,Baseball
Yoenis Cespedes,Cuba,23.8,2016,Baseball
Zach Randolph,USA,18.8,2014,Basketball
Zach Randolph,USA,17,2013,Basketball
Zack Greinke,USA,24.2,2018,Baseball
Zack Greinke,USA,24.1,2017,Baseball
Zack Greinke,USA,24.7,2016,Baseball
Zack Greinke,USA,23.7,2015,Baseball
Zack Greinke,USA,24.5,2014,Baseball
Zack Greinke,USA,21.7,2013,Baseball
Zinedine Zidane,France,15.8,2004,Soccer
Zion Williamson,USA,27.3,2020,Basketball
Zlatan Ibrahimovic,Sweden,32,2017,Soccer
Zlatan Ibrahimovic,Sweden,37.4,2016,Soccer
Zlatan Ibrahimovic,Sweden,39.1,2015,Soccer
Zlatan Ibrahimovic,Sweden,40.4,2014,Soccer
Zlatan Ibrahimovic,Sweden,19.7,2013,Soccer
